parameter,ln_mean,ln_std
Kv,1.07300971902243,37
Km,-8.71722795880095,30